sku_code,month,actual,timesfm_point,abs_error
6941770800411,2025-03,34.0,53.6,19.6
6941770800411,2025-04,57.0,68.8,11.8
6941770800411,2025-05,48.0,78.1,30.1
6941770800411,2025-06,47.0,76.7,29.7
6941770800411,2025-07,17.0,71.1,54.1
6941770800411,2025-08,25.0,68.2,43.2
6941770800411,2025-09,26.0,70.2,44.2
6941770800411,2025-10,48.0,76.0,28.0
6941770800411,2025-11,50.0,74.0,24.0
6941770800411,2025-12,46.0,66.2,20.2
6941770800411,2026-01,80.0,57.6,22.4
6941770800411,2026-02,32.0,53.6,21.6
6941770800428,2025-03,55.0,74.5,19.5
6941770800428,2025-04,25.0,121.8,96.8
6941770800428,2025-05,75.0,137.4,62.4
6941770800428,2025-06,135.0,102.9,32.1
6941770800428,2025-07,61.0,70.9,9.9
6941770800428,2025-08,56.0,70.8,14.8
6941770800428,2025-09,75.0,89.0,14.0
6941770800428,2025-10,111.0,105.1,5.9
6941770800428,2025-11,109.0,107.0,2.0
6941770800428,2025-12,104.0,100.7,3.3
6941770800428,2026-01,46.0,86.8,40.8
6941770800428,2026-02,33.0,81.7,48.7
6941770800435,2025-03,114.0,119.6,5.6
6941770800435,2025-04,193.0,207.7,14.7
6941770800435,2025-05,163.0,222.5,59.5
6941770800435,2025-06,134.0,157.3,23.3
6941770800435,2025-07,99.0,110.3,11.3
6941770800435,2025-08,102.0,121.9,19.9
6941770800435,2025-09,132.0,156.7,24.7
6941770800435,2025-10,142.0,178.2,36.2
6941770800435,2025-11,217.0,178.9,38.1
6941770800435,2025-12,131.0,155.7,24.7
6941770800435,2026-01,92.0,133.4,41.4
6941770800435,2026-02,42.0,127.9,85.9
6941770800442,2025-03,194.0,192.3,1.7
6941770800442,2025-04,205.0,288.4,83.4
6941770800442,2025-05,192.0,278.7,86.7
6941770800442,2025-06,186.0,203.8,17.8
6941770800442,2025-07,128.0,163.7,35.7
6941770800442,2025-08,115.0,177.1,62.1
6941770800442,2025-09,187.0,207.9,20.9
6941770800442,2025-10,246.0,234.7,11.3
6941770800442,2025-11,244.0,241.5,2.5
6941770800442,2025-12,179.0,220.1,41.1
6941770800442,2026-01,126.0,188.5,62.5
6941770800442,2026-02,55.0,181.3,126.3
6941770800459,2025-03,136.0,156.0,20.0
6941770800459,2025-04,145.0,246.0,101.0
6941770800459,2025-05,165.0,258.8,93.8
6941770800459,2025-06,121.0,197.3,76.3
6941770800459,2025-07,107.0,153.0,46.0
6941770800459,2025-08,114.0,163.7,49.7
6941770800459,2025-09,117.0,199.9,82.9
6941770800459,2025-10,144.0,231.3,87.3
6941770800459,2025-11,150.0,232.0,82.0
6941770800459,2025-12,155.0,194.7,39.7
6941770800459,2026-01,69.0,159.1,90.1
6941770800459,2026-02,39.0,149.0,110.0
6941770800466,2025-03,229.0,223.4,5.6
6941770800466,2025-04,238.0,298.9,60.9
6941770800466,2025-05,275.0,324.3,49.3
6941770800466,2025-06,258.0,299.1,41.1
6941770800466,2025-07,202.0,291.8,89.8
6941770800466,2025-08,223.0,301.9,78.9
6941770800466,2025-09,194.0,330.9,136.9
6941770800466,2025-10,250.0,345.6,95.6
6941770800466,2025-11,193.0,332.1,139.1
6941770800466,2025-12,139.0,294.8,155.8
6941770800466,2026-01,101.0,271.8,170.8
6941770800466,2026-02,73.0,260.9,187.9
6941770800473,2025-03,302.0,246.7,55.3
6941770800473,2025-04,266.0,397.7,131.7
6941770800473,2025-05,386.0,482.1,96.1
6941770800473,2025-06,308.0,488.0,180.0
6941770800473,2025-07,322.0,490.4,168.4
6941770800473,2025-08,245.0,510.4,265.4
6941770800473,2025-09,210.0,554.0,344.0
6941770800473,2025-10,262.0,575.1,313.1
6941770800473,2025-11,169.0,522.8,353.8
6941770800473,2025-12,119.0,395.7,276.7
6941770800473,2026-01,76.0,293.7,217.7
6941770800473,2026-02,65.0,241.8,176.8
6941770800480,2025-03,117.0,110.2,6.8
6941770800480,2025-04,106.0,166.4,60.4
6941770800480,2025-05,157.0,214.3,57.3
6941770800480,2025-06,115.0,248.7,133.7
6941770800480,2025-07,167.0,260.8,93.8
6941770800480,2025-08,129.0,246.5,117.5
6941770800480,2025-09,100.0,237.0,137.0
6941770800480,2025-10,68.0,225.2,157.2
6941770800480,2025-11,68.0,189.8,121.8
6941770800480,2025-12,30.0,139.3,109.3
6941770800480,2026-01,29.0,104.4,75.4
6941770800480,2026-02,8.0,81.8,73.8
6941770800497,2025-03,95.0,124.2,29.2
6941770800497,2025-04,147.0,173.3,26.3
6941770800497,2025-05,254.0,283.2,29.2
6941770800497,2025-06,205.0,372.7,167.7
6941770800497,2025-07,205.0,422.3,217.3
6941770800497,2025-08,203.0,383.8,180.8
6941770800497,2025-09,167.0,347.5,180.5
6941770800497,2025-10,195.0,289.0,94.0
6941770800497,2025-11,96.0,231.3,135.3
6941770800497,2025-12,66.0,141.5,75.5
6941770800497,2026-01,65.0,102.3,37.3
6941770800497,2026-02,33.0,72.9,39.9
6941770800503,2025-03,90.0,133.8,43.8
6941770800503,2025-04,102.0,148.2,46.2
6941770800503,2025-05,124.0,155.2,31.2
6941770800503,2025-06,127.0,151.5,24.5
6941770800503,2025-07,61.0,148.4,87.4
6941770800503,2025-08,75.0,150.3,75.3
6941770800503,2025-09,96.0,157.4,61.4
6941770800503,2025-10,174.0,166.5,7.5
6941770800503,2025-11,182.0,162.6,19.4
6941770800503,2025-12,250.0,154.7,95.3
6941770800503,2026-01,139.0,145.2,6.2
6941770800503,2026-02,71.0,139.8,68.8
6941770800510,2025-03,133.0,180.6,47.6
6941770800510,2025-04,154.0,334.4,180.4
6941770800510,2025-05,193.0,358.4,165.4
6941770800510,2025-06,176.0,249.1,73.1
6941770800510,2025-07,125.0,158.5,33.5
6941770800510,2025-08,84.0,153.8,69.8
6941770800510,2025-09,152.0,243.0,91.0
6941770800510,2025-10,204.0,322.1,118.1
6941770800510,2025-11,146.0,320.4,174.4
6941770800510,2025-12,199.0,257.1,58.1
6941770800510,2026-01,65.0,182.2,117.2
6941770800510,2026-02,75.0,162.0,87.0
6941770800527,2025-03,306.0,393.7,87.7
6941770800527,2025-04,439.0,695.4,256.4
6941770800527,2025-05,451.0,702.9,251.9
6941770800527,2025-06,405.0,461.2,56.2
6941770800527,2025-07,247.0,317.7,70.7
6941770800527,2025-08,202.0,360.1,158.1
6941770800527,2025-09,360.0,504.0,144.0
6941770800527,2025-10,438.0,609.1,171.1
6941770800527,2025-11,470.0,608.9,138.9
6941770800527,2025-12,252.0,526.4,274.4
6941770800527,2026-01,149.0,406.1,257.1
6941770800527,2026-02,78.0,390.7,312.7
6941770800534,2025-03,520.0,675.6,155.6
6941770800534,2025-04,811.0,964.2,153.2
6941770800534,2025-05,734.0,892.1,158.1
6941770800534,2025-06,597.0,637.6,40.6
6941770800534,2025-07,469.0,554.5,85.5
6941770800534,2025-08,364.0,645.4,281.4
6941770800534,2025-09,557.0,797.5,240.5
6941770800534,2025-10,663.0,898.0,235.0
6941770800534,2025-11,566.0,880.1,314.1
6941770800534,2025-12,385.0,745.3,360.3
6941770800534,2026-01,229.0,633.4,404.4
6941770800534,2026-02,131.0,616.8,485.8
6941770800541,2025-03,406.0,446.9,40.9
6941770800541,2025-04,539.0,664.6,125.6
6941770800541,2025-05,534.0,698.1,164.1
6941770800541,2025-06,449.0,576.2,127.2
6941770800541,2025-07,415.0,502.5,87.5
6941770800541,2025-08,429.0,544.1,115.1
6941770800541,2025-09,418.0,640.8,222.8
6941770800541,2025-10,450.0,713.5,263.5
6941770800541,2025-11,365.0,703.6,338.6
6941770800541,2025-12,261.0,612.6,351.6
6941770800541,2026-01,112.0,515.8,403.8
6941770800541,2026-02,56.0,476.8,420.8
6941770800558,2025-03,445.0,403.9,41.1
6941770800558,2025-04,747.0,492.3,254.7
6941770800558,2025-05,765.0,583.7,181.3
6941770800558,2025-06,732.0,577.8,154.2
6941770800558,2025-07,634.0,643.4,9.4
6941770800558,2025-08,565.0,665.0,100.0
6941770800558,2025-09,774.0,759.7,14.3
6941770800558,2025-10,630.0,807.1,177.1
6941770800558,2025-11,417.0,818.8,401.8
6941770800558,2025-12,273.0,709.4,436.4
6941770800558,2026-01,122.0,597.6,475.6
6941770800558,2026-02,71.0,540.3,469.3
6941770800565,2025-03,354.0,223.8,130.2
6941770800565,2025-04,469.0,334.7,134.3
6941770800565,2025-05,589.0,504.6,84.4
6941770800565,2025-06,590.0,650.7,60.7
6941770800565,2025-07,491.0,736.0,245.0
6941770800565,2025-08,411.0,798.3,387.3
6941770800565,2025-09,420.0,845.2,425.2
6941770800565,2025-10,342.0,806.9,464.9
6941770800565,2025-11,219.0,739.5,520.5
6941770800565,2025-12,155.0,602.1,447.1
6941770800565,2026-01,68.0,449.1,381.1
6941770800565,2026-02,54.0,331.7,277.7
6941770800572,2025-03,82.0,108.2,26.2
6941770800572,2025-04,118.0,184.1,66.1
6941770800572,2025-05,149.0,282.5,133.5
6941770800572,2025-06,169.0,322.2,153.2
6941770800572,2025-07,184.0,308.6,124.6
6941770800572,2025-08,186.0,264.8,78.8
6941770800572,2025-09,123.0,252.8,129.8
6941770800572,2025-10,101.0,243.4,142.4
6941770800572,2025-11,46.0,182.9,136.9
6941770800572,2025-12,32.0,116.7,84.7
6941770800572,2026-01,30.0,79.7,49.7
6941770800572,2026-02,9.0,53.8,44.8
6941770800589,2025-03,118.0,91.5,26.5
6941770800589,2025-04,253.0,152.3,100.7
6941770800589,2025-05,338.0,264.0,74.0
6941770800589,2025-06,285.0,390.0,105.0
6941770800589,2025-07,287.0,462.0,175.0
6941770800589,2025-08,269.0,487.5,218.5
6941770800589,2025-09,214.0,512.0,298.0
6941770800589,2025-10,205.0,469.0,264.0
6941770800589,2025-11,62.0,366.7,304.7
6941770800589,2025-12,81.0,241.6,160.6
6941770800589,2026-01,47.0,157.9,110.9
6941770800589,2026-02,25.0,121.2,96.2
6941770800596,2025-03,45.0,106.5,61.5
6941770800596,2025-04,75.0,115.8,40.8
6941770800596,2025-05,59.0,122.3,63.3
6941770800596,2025-06,93.0,119.9,26.9
6941770800596,2025-07,59.0,118.8,59.8
6941770800596,2025-08,37.0,118.8,81.8
6941770800596,2025-09,51.0,122.6,71.6
6941770800596,2025-10,132.0,128.6,3.4
6941770800596,2025-11,174.0,125.9,48.1
6941770800596,2025-12,105.0,112.8,7.8
6941770800596,2026-01,63.0,94.5,31.5
6941770800596,2026-02,39.0,80.6,41.6
6941770800602,2025-03,109.0,183.2,74.2
6941770800602,2025-04,139.0,207.5,68.5
6941770800602,2025-05,170.0,204.6,34.6
6941770800602,2025-06,155.0,167.5,12.5
6941770800602,2025-07,76.0,132.3,56.3
6941770800602,2025-08,93.0,128.4,35.4
6941770800602,2025-09,96.0,191.7,95.7
6941770800602,2025-10,189.0,259.7,70.7
6941770800602,2025-11,222.0,257.4,35.4
6941770800602,2025-12,201.0,200.3,0.7
6941770800602,2026-01,87.0,122.8,35.8
6941770800602,2026-02,43.0,101.5,58.5
6941770800619,2025-03,238.0,323.7,85.7
6941770800619,2025-04,324.0,415.4,91.4
6941770800619,2025-05,348.0,500.3,152.3
6941770800619,2025-06,379.0,429.2,50.2
6941770800619,2025-07,212.0,332.8,120.8
6941770800619,2025-08,192.0,347.5,155.5
6941770800619,2025-09,354.0,562.5,208.5
6941770800619,2025-10,346.0,681.5,335.5
6941770800619,2025-11,318.0,635.1,317.1
6941770800619,2025-12,293.0,457.4,164.4
6941770800619,2026-01,118.0,275.5,157.5
6941770800619,2026-02,48.0,230.2,182.2
6941770800626,2025-03,409.0,611.4,202.4
6941770800626,2025-04,581.0,943.1,362.1
6941770800626,2025-05,592.0,908.2,316.2
6941770800626,2025-06,541.0,622.0,81.0
6941770800626,2025-07,376.0,496.5,120.5
6941770800626,2025-08,365.0,567.1,202.1
6941770800626,2025-09,479.0,749.1,270.1
6941770800626,2025-10,539.0,857.1,318.1
6941770800626,2025-11,590.0,833.0,243.0
6941770800626,2025-12,245.0,703.2,458.2
6941770800626,2026-01,137.0,574.6,437.6
6941770800626,2026-02,113.0,554.3,441.3
6941770800633,2025-03,328.0,438.6,110.6
6941770800633,2025-04,417.0,707.9,290.9
6941770800633,2025-05,508.0,773.0,265.0
6941770800633,2025-06,461.0,619.0,158.0
6941770800633,2025-07,412.0,520.8,108.8
6941770800633,2025-08,360.0,586.3,226.3
6941770800633,2025-09,383.0,719.4,336.4
6941770800633,2025-10,504.0,803.8,299.8
6941770800633,2025-11,360.0,802.4,442.4
6941770800633,2025-12,193.0,688.7,495.7
6941770800633,2026-01,108.0,574.5,466.5
6941770800633,2026-02,119.0,537.7,418.7
6941770800640,2025-03,323.0,385.9,62.9
6941770800640,2025-04,622.0,522.5,99.5
6941770800640,2025-05,690.0,652.9,37.1
6941770800640,2025-06,758.0,707.4,50.6
6941770800640,2025-07,580.0,794.3,214.3
6941770800640,2025-08,526.0,853.4,327.4
6941770800640,2025-09,552.0,965.2,413.2
6941770800640,2025-10,520.0,1007.4,487.4
6941770800640,2025-11,338.0,985.1,647.1
6941770800640,2025-12,151.0,869.6,718.6
6941770800640,2026-01,107.0,745.8,638.8
6941770800640,2026-02,62.0,651.4,589.4
6941770800657,2025-03,266.0,206.4,59.6
6941770800657,2025-04,347.0,331.9,15.1
6941770800657,2025-05,404.0,509.5,105.5
6941770800657,2025-06,489.0,600.4,111.4
6941770800657,2025-07,349.0,672.6,323.6
6941770800657,2025-08,347.0,689.7,342.7
6941770800657,2025-09,324.0,723.0,399.0
6941770800657,2025-10,233.0,694.5,461.5
6941770800657,2025-11,160.0,628.0,468.0
6941770800657,2025-12,104.0,506.3,402.3
6941770800657,2026-01,49.0,369.9,320.9
6941770800657,2026-02,44.0,247.6,203.6
6941770800664,2025-03,93.0,115.1,22.1
6941770800664,2025-04,132.0,206.6,74.6
6941770800664,2025-05,114.0,328.8,214.8
6941770800664,2025-06,156.0,344.4,188.4
6941770800664,2025-07,158.0,291.9,133.9
6941770800664,2025-08,134.0,244.2,110.2
6941770800664,2025-09,84.0,250.0,166.0
6941770800664,2025-10,44.0,232.5,188.5
6941770800664,2025-11,48.0,143.5,95.5
6941770800664,2025-12,27.0,84.6,57.6
6941770800664,2026-01,12.0,72.1,60.1
6941770800664,2026-02,8.0,56.4,48.4
6941770800671,2025-03,72.0,104.1,32.1
6941770800671,2025-04,142.0,172.1,30.1
6941770800671,2025-05,198.0,269.5,71.5
6941770800671,2025-06,224.0,343.2,119.2
6941770800671,2025-07,251.0,372.6,121.6
6941770800671,2025-08,196.0,359.1,163.1
6941770800671,2025-09,169.0,363.7,194.7
6941770800671,2025-10,131.0,331.3,200.3
6941770800671,2025-11,97.0,259.8,162.8
6941770800671,2025-12,36.0,179.3,143.3
6941770800671,2026-01,17.0,132.6,115.6
6941770800671,2026-02,21.0,100.6,79.6
6941770800688,2025-03,161.0,197.1,36.1
6941770800688,2025-04,119.0,215.4,96.4
6941770800688,2025-05,130.0,228.8,98.8
6941770800688,2025-06,141.0,227.7,86.7
6941770800688,2025-07,51.0,229.8,178.8
6941770800688,2025-08,51.0,231.2,180.2
6941770800688,2025-09,155.0,243.9,88.9
6941770800688,2025-10,201.0,255.1,54.1
6941770800688,2025-11,315.0,241.4,73.6
6941770800688,2025-12,306.0,213.9,92.1
6941770800688,2026-01,220.0,177.4,42.6
6941770800688,2026-02,82.0,150.2,68.2
6941770800695,2025-03,226.0,284.6,58.6
6941770800695,2025-04,230.0,236.1,6.1
6941770800695,2025-05,247.0,206.9,40.1
6941770800695,2025-06,238.0,171.6,66.4
6941770800695,2025-07,86.0,162.3,76.3
6941770800695,2025-08,128.0,136.2,8.2
6941770800695,2025-09,276.0,177.6,98.4
6941770800695,2025-10,356.0,326.7,29.3
6941770800695,2025-11,328.0,430.3,102.3
6941770800695,2025-12,429.0,357.0,72.0
6941770800695,2026-01,193.0,203.6,10.6
6941770800695,2026-02,115.0,179.0,64.0
6941770800701,2025-03,658.0,725.3,67.3
6941770800701,2025-04,728.0,833.9,105.9
6941770800701,2025-05,778.0,877.5,99.5
6941770800701,2025-06,610.0,762.2,152.2
6941770800701,2025-07,333.0,658.7,325.7
6941770800701,2025-08,287.0,683.6,396.6
6941770800701,2025-09,810.0,991.0,181.0
6941770800701,2025-10,1196.0,1255.5,59.5
6941770800701,2025-11,1328.0,1248.1,79.9
6941770800701,2025-12,932.0,943.7,11.7
6941770800701,2026-01,370.0,703.4,333.4
6941770800701,2026-02,173.0,642.9,469.9
6941770800718,2025-03,1429.0,1332.1,96.9
6941770800718,2025-04,1556.0,1545.1,10.9
6941770800718,2025-05,1580.0,1564.0,16.0
6941770800718,2025-06,1354.0,1321.1,32.9
6941770800718,2025-07,915.0,1200.0,285.0
6941770800718,2025-08,816.0,1207.6,391.6
6941770800718,2025-09,1653.0,1383.9,269.1
6941770800718,2025-10,2131.0,1447.4,683.6
6941770800718,2025-11,1749.0,1354.4,394.6
6941770800718,2025-12,1214.0,1175.8,38.2
6941770800718,2026-01,523.0,1081.4,558.4
6941770800718,2026-02,334.0,1096.6,762.6
6941770800725,2025-03,1183.0,1415.3,232.3
6941770800725,2025-04,1772.0,1821.7,49.7
6941770800725,2025-05,1547.0,1949.8,402.8
6941770800725,2025-06,1401.0,1528.7,127.7
6941770800725,2025-07,1079.0,1327.9,248.9
6941770800725,2025-08,889.0,1372.8,483.8
6941770800725,2025-09,1194.0,1756.0,562.0
6941770800725,2025-10,1446.0,1989.6,543.6
6941770800725,2025-11,1053.0,2013.8,960.8
6941770800725,2025-12,725.0,1695.8,970.8
6941770800725,2026-01,268.0,1476.5,1208.5
6941770800725,2026-02,227.0,1410.0,1183.0
6941770800732,2025-03,1406.0,904.1,501.9
6941770800732,2025-04,2290.0,1405.5,884.5
6941770800732,2025-05,2470.0,2006.2,463.8
6941770800732,2025-06,2577.0,2381.1,195.9
6941770800732,2025-07,1997.0,2744.6,747.6
6941770800732,2025-08,1716.0,3143.9,1427.9
6941770800732,2025-09,2122.0,3568.1,1446.1
6941770800732,2025-10,1887.0,3613.6,1726.6
6941770800732,2025-11,1178.0,3357.7,2179.7
6941770800732,2025-12,746.0,2716.7,1970.7
6941770800732,2026-01,238.0,2039.7,1801.7
6941770800732,2026-02,276.0,1427.2,1151.2
6941770800749,2025-03,969.0,429.7,539.3
6941770800749,2025-04,1507.0,861.0,646.0
6941770800749,2025-05,1722.0,1524.9,197.1
6941770800749,2025-06,1711.0,2143.7,432.7
6941770800749,2025-07,1572.0,2441.0,869.0
6941770800749,2025-08,1479.0,2796.9,1317.9
6941770800749,2025-09,1218.0,2877.7,1659.7
6941770800749,2025-10,982.0,2578.5,1596.5
6941770800749,2025-11,552.0,2067.4,1515.4
6941770800749,2025-12,453.0,1562.0,1109.0
6941770800749,2026-01,165.0,1069.9,904.9
6941770800749,2026-02,156.0,654.8,498.8
6941770800756,2025-03,274.0,164.5,109.5
6941770800756,2025-04,387.0,326.2,60.8
6941770800756,2025-05,487.0,581.1,94.1
6941770800756,2025-06,563.0,847.7,284.7
6941770800756,2025-07,570.0,1027.7,457.7
6941770800756,2025-08,566.0,1046.4,480.4
6941770800756,2025-09,361.0,980.8,619.8
6941770800756,2025-10,327.0,801.0,474.0
6941770800756,2025-11,162.0,575.8,413.8
6941770800756,2025-12,86.0,382.9,296.9
6941770800756,2026-01,51.0,233.3,182.3
6941770800756,2026-02,34.0,142.8,108.8
6941770800763,2025-03,230.0,195.0,35.0
6941770800763,2025-04,496.0,348.7,147.3
6941770800763,2025-05,627.0,609.4,17.6
6941770800763,2025-06,551.0,913.1,362.1
6941770800763,2025-07,609.0,1153.1,544.1
6941770800763,2025-08,537.0,1083.0,546.0
6941770800763,2025-09,465.0,912.4,447.4
6941770800763,2025-10,326.0,704.0,378.0
6941770800763,2025-11,186.0,503.2,317.2
6941770800763,2025-12,104.0,308.7,204.7
6941770800763,2026-01,53.0,168.5,115.5
6941770800763,2026-02,33.0,96.3,63.3
6941770800770,2025-03,16.0,34.8,18.8
6941770800770,2025-04,41.0,67.2,26.2
6941770800770,2025-05,70.0,121.5,51.5
6941770800770,2025-06,86.0,171.5,85.5
6941770800770,2025-07,94.0,195.5,101.5
6941770800770,2025-08,105.0,185.8,80.8
6941770800770,2025-09,59.0,171.4,112.4
6941770800770,2025-10,51.0,143.0,92.0
6941770800770,2025-11,47.0,96.3,49.3
6941770800770,2025-12,26.0,52.1,26.1
6941770800770,2026-01,27.0,33.5,6.5
6941770800770,2026-02,5.0,23.1,18.1
6941770800787,2025-03,71.0,75.1,4.1
6941770800787,2025-04,143.0,120.0,23.0
6941770800787,2025-05,168.0,209.6,41.6
6941770800787,2025-06,308.0,263.8,44.2
6941770800787,2025-07,269.0,316.7,47.7
6941770800787,2025-08,278.0,304.5,26.5
6941770800787,2025-09,203.0,329.6,126.6
6941770800787,2025-10,179.0,299.9,120.9
6941770800787,2025-11,60.0,233.4,173.4
6941770800787,2025-12,47.0,136.1,89.1
6941770800787,2026-01,39.0,89.7,50.7
6941770800787,2026-02,6.0,55.5,49.5
6941770800794,2025-03,43.0,82.7,39.7
6941770800794,2025-04,29.0,65.5,36.5
6941770800794,2025-05,41.0,65.0,24.0
6941770800794,2025-06,25.0,62.0,37.0
6941770800794,2025-07,20.0,47.7,27.7
6941770800794,2025-08,17.0,37.5,20.5
6941770800794,2025-09,65.0,75.4,10.4
6941770800794,2025-10,80.0,160.6,80.6
6941770800794,2025-11,99.0,180.5,81.5
6941770800794,2025-12,81.0,140.1,59.1
6941770800794,2026-01,39.0,64.0,25.0
6941770800794,2026-02,20.0,40.1,20.1
6941770800800,2025-03,98.0,102.7,4.7
6941770800800,2025-04,113.0,83.7,29.3
6941770800800,2025-05,99.0,83.5,15.5
6941770800800,2025-06,51.0,101.4,50.4
6941770800800,2025-07,62.0,107.8,45.8
6941770800800,2025-08,61.0,108.7,47.7
6941770800800,2025-09,162.0,207.3,45.3
6941770800800,2025-10,226.0,336.8,110.8
6941770800800,2025-11,174.0,332.9,158.9
6941770800800,2025-12,166.0,231.9,65.9
6941770800800,2026-01,56.0,106.3,50.3
6941770800800,2026-02,53.0,83.0,30.0
6941770800817,2025-03,275.0,303.5,28.5
6941770800817,2025-04,323.0,320.4,2.6
6941770800817,2025-05,283.0,320.0,37.0
6941770800817,2025-06,225.0,278.4,53.4
6941770800817,2025-07,153.0,265.1,112.1
6941770800817,2025-08,191.0,256.5,65.5
6941770800817,2025-09,292.0,283.9,8.1
6941770800817,2025-10,320.0,306.6,13.4
6941770800817,2025-11,377.0,292.2,84.8
6941770800817,2025-12,276.0,253.0,23.0
6941770800817,2026-01,100.0,221.2,121.2
6941770800817,2026-02,54.0,223.8,169.8
6941770800824,2025-03,286.0,598.1,312.1
6941770800824,2025-04,517.0,936.9,419.9
6941770800824,2025-05,577.0,1036.1,459.1
6941770800824,2025-06,465.0,843.0,378.0
6941770800824,2025-07,369.0,729.6,360.6
6941770800824,2025-08,323.0,627.2,304.2
6941770800824,2025-09,384.0,644.8,260.8
6941770800824,2025-10,333.0,602.5,269.5
6941770800824,2025-11,333.0,497.7,164.7
6941770800824,2025-12,150.0,371.5,221.5
6941770800824,2026-01,49.0,305.7,256.7
6941770800824,2026-02,43.0,318.7,275.7
6941770800831,2025-03,164.0,118.8,45.2
6941770800831,2025-04,235.0,198.4,36.6
6941770800831,2025-05,337.0,324.5,12.5
6941770800831,2025-06,269.0,369.4,100.4
6941770800831,2025-07,284.0,411.9,127.9
6941770800831,2025-08,278.0,374.3,96.3
6941770800831,2025-09,268.0,411.8,143.8
6941770800831,2025-10,154.0,358.5,204.5
6941770800831,2025-11,121.0,269.6,148.6
6941770800831,2025-12,77.0,184.9,107.9
6941770800831,2026-01,53.0,137.1,84.1
6941770800831,2026-02,22.0,62.5,40.5
6941770800848,2025-03,74.0,123.0,49.0
6941770800848,2025-04,135.0,224.7,89.7
6941770800848,2025-05,114.0,290.1,176.1
6941770800848,2025-06,132.0,271.7,139.7
6941770800848,2025-07,119.0,243.7,124.7
6941770800848,2025-08,136.0,188.6,52.6
6941770800848,2025-09,104.0,145.8,41.8
6941770800848,2025-10,53.0,96.0,43.0
6941770800848,2025-11,44.0,64.6,20.6
6941770800848,2025-12,21.0,46.2,25.2
6941770800848,2026-01,8.0,38.1,30.1
6941770800848,2026-02,9.0,38.3,29.3
6941770800855,2025-03,70.0,46.2,23.8
6941770800855,2025-04,84.0,82.1,1.9
6941770800855,2025-05,136.0,143.4,7.4
6941770800855,2025-06,144.0,184.9,40.9
6941770800855,2025-07,119.0,208.2,89.2
6941770800855,2025-08,122.0,217.0,95.0
6941770800855,2025-09,107.0,227.5,120.5
6941770800855,2025-10,74.0,203.6,129.6
6941770800855,2025-11,36.0,157.9,121.9
6941770800855,2025-12,28.0,114.1,86.1
6941770800855,2026-01,11.0,82.8,71.8
6941770800855,2026-02,13.0,60.9,47.9
6941770800862,2025-03,21.0,26.8,5.8
6941770800862,2025-04,33.0,38.9,5.9
6941770800862,2025-05,60.0,62.4,2.4
6941770800862,2025-06,57.0,74.5,17.5
6941770800862,2025-07,59.0,85.7,26.7
6941770800862,2025-08,68.0,79.6,11.6
6941770800862,2025-09,37.0,86.0,49.0
6941770800862,2025-10,39.0,76.1,37.1
6941770800862,2025-11,25.0,56.2,31.2
6941770800862,2025-12,13.0,32.2,19.2
6941770800862,2026-01,12.0,21.5,9.5
6941770800862,2026-02,3.0,10.9,7.9
6941770800879,2025-03,174.0,248.5,74.5
6941770800879,2025-04,134.0,141.2,7.2
6941770800879,2025-05,119.0,101.3,17.7
6941770800879,2025-06,71.0,91.9,20.9
6941770800879,2025-07,39.0,74.8,35.8
6941770800879,2025-08,57.0,26.6,30.4
6941770800879,2025-09,160.0,122.5,37.5
6941770800879,2025-10,202.0,362.4,160.4
6941770800879,2025-11,327.0,500.8,173.8
6941770800879,2025-12,567.0,472.5,94.5
6941770800879,2026-01,267.0,263.5,3.5
6941770800879,2026-02,92.0,176.7,84.7
6941770800886,2025-03,519.0,522.3,3.3
6941770800886,2025-04,445.0,398.6,46.4
6941770800886,2025-05,435.0,304.9,130.1
6941770800886,2025-06,300.0,342.0,42.0
6941770800886,2025-07,180.0,413.3,233.3
6941770800886,2025-08,175.0,459.2,284.2
6941770800886,2025-09,646.0,880.5,234.5
6941770800886,2025-10,1022.0,1540.5,518.5
6941770800886,2025-11,1039.0,1640.4,601.4
6941770800886,2025-12,1375.0,1145.2,229.8
6941770800886,2026-01,525.0,430.5,94.5
6941770800886,2026-02,220.0,232.0,12.0
6941770800893,2025-03,1286.0,1068.4,217.6
6941770800893,2025-04,1254.0,1072.2,181.8
6941770800893,2025-05,951.0,1033.8,82.8
6941770800893,2025-06,864.0,970.2,106.2
6941770800893,2025-07,557.0,831.7,274.7
6941770800893,2025-08,542.0,975.9,433.9
6941770800893,2025-09,1415.0,1718.2,303.2
6941770800893,2025-10,1894.0,2344.9,450.9
6941770800893,2025-11,2104.0,2094.5,9.5
6941770800893,2025-12,1610.0,1497.1,112.9
6941770800893,2026-01,829.0,892.6,63.6
6941770800893,2026-02,413.0,763.2,350.2
6941770800909,2025-03,1171.0,1197.2,26.2
6941770800909,2025-04,1503.0,1842.4,339.4
6941770800909,2025-05,1235.0,1816.3,581.3
6941770800909,2025-06,1136.0,1237.7,101.7
6941770800909,2025-07,801.0,946.9,145.9
6941770800909,2025-08,775.0,1068.3,293.3
6941770800909,2025-09,1259.0,1463.3,204.3
6941770800909,2025-10,1899.0,1706.8,192.2
6941770800909,2025-11,1682.0,1687.8,5.8
6941770800909,2025-12,1126.0,1406.3,280.3
6941770800909,2026-01,422.0,1161.5,739.5
6941770800909,2026-02,303.0,1135.9,832.9
6941770800916,2025-03,1711.0,1665.6,45.4
6941770800916,2025-04,2587.0,2238.7,348.3
6941770800916,2025-05,2458.0,2124.1,333.9
6941770800916,2025-06,2529.0,1791.8,737.2
6941770800916,2025-07,1878.0,1793.8,84.2
6941770800916,2025-08,1763.0,2139.8,376.8
6941770800916,2025-09,2295.0,2658.5,363.5
6941770800916,2025-10,2526.0,2973.8,447.8
6941770800916,2025-11,1526.0,2979.6,1453.6
6941770800916,2025-12,1014.0,2546.7,1532.7
6941770800916,2026-01,474.0,2139.7,1665.7
6941770800916,2026-02,281.0,1911.1,1630.1
6941770800923,2025-03,1176.0,634.9,541.1
6941770800923,2025-04,2179.0,1037.5,1141.5
6941770800923,2025-05,2172.0,1631.6,540.4
6941770800923,2025-06,2062.0,2191.4,129.4
6941770800923,2025-07,1810.0,2550.6,740.6
6941770800923,2025-08,1641.0,2898.2,1257.2
6941770800923,2025-09,1690.0,3012.6,1322.6
6941770800923,2025-10,1619.0,2832.5,1213.5
6941770800923,2025-11,815.0,2479.2,1664.2
6941770800923,2025-12,630.0,2034.8,1404.8
6941770800923,2026-01,244.0,1489.6,1245.6
6941770800923,2026-02,202.0,962.1,760.1
6941770800930,2025-03,431.0,249.1,181.9
6941770800930,2025-04,732.0,417.2,314.8
6941770800930,2025-05,840.0,703.6,136.4
6941770800930,2025-06,818.0,939.0,121.0
6941770800930,2025-07,726.0,1081.0,355.0
6941770800930,2025-08,714.0,1189.4,475.4
6941770800930,2025-09,664.0,1234.3,570.3
6941770800930,2025-10,395.0,1114.2,719.2
6941770800930,2025-11,213.0,912.1,699.1
6941770800930,2025-12,233.0,697.7,464.7
6941770800930,2026-01,76.0,492.0,416.0
6941770800930,2026-02,67.0,304.7,237.7
6941770800947,2025-03,483.0,322.5,160.5
6941770800947,2025-04,1090.0,552.6,537.4
6941770800947,2025-05,1261.0,977.8,283.2
6941770800947,2025-06,1283.0,1457.1,174.1
6941770800947,2025-07,1235.0,1896.0,661.0
6941770800947,2025-08,980.0,1971.4,991.4
6941770800947,2025-09,820.0,1820.6,1000.6
6941770800947,2025-10,659.0,1429.6,770.6
6941770800947,2025-11,312.0,1002.2,690.2
6941770800947,2025-12,167.0,629.0,462.0
6941770800947,2026-01,127.0,354.9,227.9
6941770800947,2026-02,66.0,243.8,177.8
6941770800954,2025-03,66.0,72.0,6.0
6941770800954,2025-04,164.0,112.8,51.2
6941770800954,2025-05,286.0,187.8,98.2
6941770800954,2025-06,221.0,239.3,18.3
6941770800954,2025-07,214.0,289.3,75.3
6941770800954,2025-08,177.0,265.4,88.4
6941770800954,2025-09,178.0,266.3,88.3
6941770800954,2025-10,102.0,219.2,117.2
6941770800954,2025-11,33.0,163.1,130.1
6941770800954,2025-12,43.0,88.0,45.0
6941770800954,2026-01,11.0,58.2,47.2
6941770800954,2026-02,7.0,29.1,22.1
6941770800961,2025-03,154.0,111.0,43.0
6941770800961,2025-04,294.0,200.2,93.8
6941770800961,2025-05,474.0,374.0,100.0
6941770800961,2025-06,553.0,583.3,30.3
6941770800961,2025-07,455.0,704.4,249.4
6941770800961,2025-08,355.0,676.7,321.7
6941770800961,2025-09,235.0,592.8,357.8
6941770800961,2025-10,222.0,447.9,225.9
6941770800961,2025-11,97.0,280.6,183.6
6941770800961,2025-12,93.0,125.9,32.9
6941770800961,2026-01,25.0,48.9,23.9
6941770800961,2026-02,21.0,37.6,16.6
6941770800978,2025-03,86.0,74.8,11.2
6941770800978,2025-04,182.0,131.8,50.2
6941770800978,2025-05,242.0,230.0,12.0
6941770800978,2025-06,337.0,365.0,28.0
6941770800978,2025-07,319.0,470.4,151.4
6941770800978,2025-08,219.0,458.2,239.2
6941770800978,2025-09,162.0,407.1,245.1
6941770800978,2025-10,161.0,323.3,162.3
6941770800978,2025-11,51.0,220.1,169.1
6941770800978,2025-12,38.0,114.9,76.9
6941770800978,2026-01,47.0,57.0,10.0
6941770800978,2026-02,5.0,42.2,37.2
6941770800985,2025-03,57.0,79.3,22.3
6941770800985,2025-04,140.0,147.2,7.2
6941770800985,2025-05,135.0,221.5,86.5
6941770800985,2025-06,247.0,291.5,44.5
6941770800985,2025-07,214.0,318.7,104.7
6941770800985,2025-08,162.0,289.1,127.1
6941770800985,2025-09,128.0,254.7,126.7
6941770800985,2025-10,100.0,223.0,123.0
6941770800985,2025-11,32.0,166.6,134.6
6941770800985,2025-12,18.0,102.3,84.3
6941770800985,2026-01,23.0,66.8,43.8
6941770800985,2026-02,4.0,45.7,41.7
6941770800992,2025-03,24.0,55.3,31.3
6941770800992,2025-04,6.0,30.5,24.5
6941770800992,2025-05,17.0,29.7,12.7
6941770800992,2025-06,15.0,26.1,11.1
6941770800992,2025-07,12.0,22.9,10.9
6941770800992,2025-08,7.0,13.0,6.0
6941770800992,2025-09,26.0,43.2,17.2
6941770800992,2025-10,61.0,117.6,56.6
6941770800992,2025-11,90.0,141.2,51.2
6941770800992,2025-12,121.0,130.8,9.8
6941770800992,2026-01,45.0,57.4,12.4
6941770800992,2026-02,7.0,28.5,21.5
6941770801005,2025-03,79.0,50.4,28.6
6941770801005,2025-04,45.0,37.4,7.6
6941770801005,2025-05,29.0,43.9,14.9
6941770801005,2025-06,45.0,53.8,8.8
6941770801005,2025-07,23.0,53.4,30.4
6941770801005,2025-08,20.0,60.0,40.0
6941770801005,2025-09,55.0,166.4,111.4
6941770801005,2025-10,114.0,294.0,180.0
6941770801005,2025-11,190.0,305.9,115.9
6941770801005,2025-12,182.0,231.8,49.8
6941770801005,2026-01,55.0,107.5,52.5
6941770801005,2026-02,29.0,54.2,25.2
6941770801012,2025-03,118.0,179.4,61.4
6941770801012,2025-04,107.0,138.3,31.3
6941770801012,2025-05,76.0,137.0,61.0
6941770801012,2025-06,93.0,148.9,55.9
6941770801012,2025-07,63.0,134.7,71.7
6941770801012,2025-08,64.0,120.9,56.9
6941770801012,2025-09,119.0,200.6,81.6
6941770801012,2025-10,198.0,379.8,181.8
6941770801012,2025-11,164.0,411.0,247.0
6941770801012,2025-12,235.0,304.9,69.9
6941770801012,2026-01,102.0,120.8,18.8
6941770801012,2026-02,49.0,83.6,34.6
6941770801029,2025-03,112.0,163.0,51.0
6941770801029,2025-04,139.0,179.2,40.2
6941770801029,2025-05,125.0,185.6,60.6
6941770801029,2025-06,93.0,179.5,86.5
6941770801029,2025-07,68.0,175.5,107.5
6941770801029,2025-08,97.0,170.8,73.8
6941770801029,2025-09,132.0,186.5,54.5
6941770801029,2025-10,198.0,195.0,3.0
6941770801029,2025-11,156.0,190.0,34.0
6941770801029,2025-12,108.0,176.8,68.8
6941770801029,2026-01,60.0,164.6,104.6
6941770801029,2026-02,37.0,171.8,134.8
6941770801036,2025-03,166.0,243.5,77.5
6941770801036,2025-04,236.0,269.9,33.9
6941770801036,2025-05,239.0,249.9,10.9
6941770801036,2025-06,249.0,204.3,44.7
6941770801036,2025-07,183.0,193.8,10.8
6941770801036,2025-08,175.0,204.6,29.6
6941770801036,2025-09,226.0,251.0,25.0
6941770801036,2025-10,180.0,268.4,88.4
6941770801036,2025-11,146.0,252.7,106.7
6941770801036,2025-12,111.0,228.7,117.7
6941770801036,2026-01,65.0,210.5,145.5
6941770801036,2026-02,35.0,236.2,201.2
6941770801043,2025-03,176.0,286.4,110.4
6941770801043,2025-04,230.0,461.5,231.5
6941770801043,2025-05,263.0,549.7,286.7
6941770801043,2025-06,298.0,479.4,181.4
6941770801043,2025-07,179.0,422.5,243.5
6941770801043,2025-08,219.0,337.1,118.1
6941770801043,2025-09,175.0,313.9,138.9
6941770801043,2025-10,144.0,259.6,115.6
6941770801043,2025-11,81.0,198.5,117.5
6941770801043,2025-12,60.0,148.0,88.0
6941770801043,2026-01,63.0,131.9,68.9
6941770801043,2026-02,36.0,137.3,101.3
6941770801050,2025-03,59.0,108.3,49.3
6941770801050,2025-04,127.0,190.0,63.0
6941770801050,2025-05,121.0,278.2,157.2
6941770801050,2025-06,138.0,259.1,121.1
6941770801050,2025-07,132.0,198.9,66.9
6941770801050,2025-08,92.0,136.0,44.0
6941770801050,2025-09,80.0,132.4,52.4
6941770801050,2025-10,59.0,112.4,53.4
6941770801050,2025-11,36.0,72.1,36.1
6941770801050,2025-12,21.0,32.0,11.0
6941770801050,2026-01,21.0,18.6,2.4
6941770801050,2026-02,2.0,10.6,8.6
6941770801067,2025-03,75.0,112.0,37.0
6941770801067,2025-04,132.0,197.0,65.0
6941770801067,2025-05,166.0,303.7,137.7
6941770801067,2025-06,175.0,381.4,206.4
6941770801067,2025-07,183.0,403.0,220.0
6941770801067,2025-08,169.0,353.5,184.5
6941770801067,2025-09,104.0,313.0,209.0
6941770801067,2025-10,56.0,258.0,202.0
6941770801067,2025-11,42.0,169.1,127.1
6941770801067,2025-12,17.0,101.1,84.1
6941770801067,2026-01,17.0,79.6,62.6
6941770801067,2026-02,8.0,65.9,57.9
6941770801074,2025-03,23.0,58.2,35.2
6941770801074,2025-04,37.0,101.2,64.2
6941770801074,2025-05,52.0,133.8,81.8
6941770801074,2025-06,39.0,128.3,89.3
6941770801074,2025-07,53.0,110.6,57.6
6941770801074,2025-08,55.0,90.4,35.4
6941770801074,2025-09,27.0,72.6,45.6
6941770801074,2025-10,9.0,52.3,43.3
6941770801074,2025-11,11.0,33.1,22.1
6941770801074,2025-12,3.0,18.0,15.0
6941770801074,2026-01,2.0,11.2,9.2
6941770801074,2026-02,0.0,10.9,10.9
6941770801081,2025-03,22.0,73.3,51.3
6941770801081,2025-04,80.0,118.1,38.1
6941770801081,2025-05,104.0,162.3,58.3
6941770801081,2025-06,81.0,186.5,105.5
6941770801081,2025-07,77.0,179.0,102.0
6941770801081,2025-08,106.0,153.2,47.2
6941770801081,2025-09,44.0,127.4,83.4
6941770801081,2025-10,43.0,99.8,56.8
6941770801081,2025-11,12.0,57.9,45.9
6941770801081,2025-12,20.0,27.4,7.4
6941770801081,2026-01,3.0,17.6,14.6
6941770801081,2026-02,2.0,18.0,16.0
6941770801098,2025-03,19.0,52.8,33.8
6941770801098,2025-04,32.0,86.5,54.5
6941770801098,2025-05,45.0,105.7,60.7
6941770801098,2025-06,63.0,108.8,45.8
6941770801098,2025-07,51.0,112.3,61.3
6941770801098,2025-08,71.0,92.9,21.9
6941770801098,2025-09,25.0,67.4,42.4
6941770801098,2025-10,9.0,42.7,33.7
6941770801098,2025-11,16.0,31.2,15.2
6941770801098,2025-12,3.0,26.7,23.7
6941770801098,2026-01,10.0,24.9,14.9
6941770801098,2026-02,0.0,24.0,24.0
6941770801104,2025-03,29.0,30.1,1.1
6941770801104,2025-04,33.0,50.9,17.9
6941770801104,2025-05,41.0,75.5,34.5
6941770801104,2025-06,72.0,95.0,23.0
6941770801104,2025-07,53.0,102.8,49.8
6941770801104,2025-08,50.0,101.2,51.2
6941770801104,2025-09,31.0,90.5,59.5
6941770801104,2025-10,22.0,69.3,47.3
6941770801104,2025-11,8.0,43.4,35.4
6941770801104,2025-12,9.0,23.1,14.1
6941770801104,2026-01,0.0,15.0,15.0
6941770801104,2026-02,0.0,12.9,12.9
6941770801111,2025-03,516.0,466.6,49.4
6941770801111,2025-04,375.0,448.1,73.1
6941770801111,2025-05,287.0,436.3,149.3
6941770801111,2025-06,203.0,432.2,229.2
6941770801111,2025-07,193.0,532.0,339.0
6941770801111,2025-08,170.0,701.3,531.3
6941770801111,2025-09,576.0,1394.0,818.0
6941770801111,2025-10,981.0,2149.6,1168.6
6941770801111,2025-11,1188.0,2224.3,1036.3
6941770801111,2025-12,1314.0,1470.0,156.0
6941770801111,2026-01,642.0,656.2,14.2
6941770801111,2026-02,252.0,352.2,100.2
6941770801128,2025-03,978.0,920.8,57.2
6941770801128,2025-04,1252.0,1259.5,7.5
6941770801128,2025-05,940.0,1247.9,307.9
6941770801128,2025-06,826.0,1012.1,186.1
6941770801128,2025-07,564.0,947.2,383.2
6941770801128,2025-08,689.0,1019.5,330.5
6941770801128,2025-09,1013.0,1178.7,165.7
6941770801128,2025-10,1226.0,1272.3,46.3
6941770801128,2025-11,1088.0,1263.3,175.3
6941770801128,2025-12,644.0,1132.0,488.0
6941770801128,2026-01,381.0,1003.3,622.3
6941770801128,2026-02,207.0,1009.2,802.2
6941770801135,2025-03,941.0,772.9,168.1
6941770801135,2025-04,1412.0,1099.8,312.2
6941770801135,2025-05,1217.0,1301.9,84.9
6941770801135,2025-06,1123.0,1305.8,182.8
6941770801135,2025-07,1045.0,1363.4,318.4
6941770801135,2025-08,884.0,1494.1,610.1
6941770801135,2025-09,895.0,1765.1,870.1
6941770801135,2025-10,902.0,1871.4,969.4
6941770801135,2025-11,549.0,1766.2,1217.2
6941770801135,2025-12,441.0,1399.5,958.5
6941770801135,2026-01,231.0,1181.5,950.5
6941770801135,2026-02,159.0,978.9,819.9
6941770801142,2025-03,402.0,350.6,51.4
6941770801142,2025-04,735.0,560.8,174.2
6941770801142,2025-05,704.0,770.6,66.6
6941770801142,2025-06,603.0,835.8,232.8
6941770801142,2025-07,604.0,835.8,231.8
6941770801142,2025-08,490.0,771.3,281.3
6941770801142,2025-09,418.0,813.0,395.0
6941770801142,2025-10,307.0,838.7,531.7
6941770801142,2025-11,217.0,729.9,512.9
6941770801142,2025-12,149.0,556.4,407.4
6941770801142,2026-01,87.0,422.0,335.0
6941770801142,2026-02,60.0,293.7,233.7
6941770801159,2025-03,631.0,464.7,166.3
6941770801159,2025-04,1310.0,776.0,534.0
6941770801159,2025-05,1453.0,1353.9,99.1
6941770801159,2025-06,1292.0,1956.1,664.1
6941770801159,2025-07,1187.0,2325.1,1138.1
6941770801159,2025-08,1068.0,2178.3,1110.3
6941770801159,2025-09,891.0,1851.8,960.8
6941770801159,2025-10,566.0,1438.5,872.5
6941770801159,2025-11,266.0,1016.9,750.9
6941770801159,2025-12,101.0,630.1,529.1
6941770801159,2026-01,99.0,375.2,276.2
6941770801159,2026-02,105.0,268.3,163.3
6941770801166,2025-03,144.0,230.4,86.4
6941770801166,2025-04,259.0,470.8,211.8
6941770801166,2025-05,331.0,739.2,408.2
6941770801166,2025-06,247.0,724.8,477.8
6941770801166,2025-07,236.0,529.2,293.2
6941770801166,2025-08,214.0,386.6,172.6
6941770801166,2025-09,146.0,365.9,219.9
6941770801166,2025-10,124.0,326.1,202.1
6941770801166,2025-11,94.0,195.6,101.6
6941770801166,2025-12,62.0,109.1,47.1
6941770801166,2026-01,14.0,85.8,71.8
6941770801166,2026-02,18.0,65.4,47.4
6941770801173,2025-03,268.0,188.4,79.6
6941770801173,2025-04,564.0,378.0,186.0
6941770801173,2025-05,778.0,786.0,8.0
6941770801173,2025-06,666.0,1200.8,534.8
6941770801173,2025-07,691.0,1405.6,714.6
6941770801173,2025-08,520.0,1277.7,757.7
6941770801173,2025-09,410.0,1103.4,693.4
6941770801173,2025-10,328.0,855.0,527.0
6941770801173,2025-11,119.0,547.6,428.6
6941770801173,2025-12,95.0,267.4,172.4
6941770801173,2026-01,46.0,142.2,96.2
6941770801173,2026-02,31.0,84.4,53.4
6941770801180,2025-03,172.0,177.5,5.5
6941770801180,2025-04,421.0,346.3,74.7
6941770801180,2025-05,532.0,630.6,98.6
6941770801180,2025-06,618.0,998.3,380.3
6941770801180,2025-07,545.0,1219.4,674.4
6941770801180,2025-08,389.0,1119.8,730.8
6941770801180,2025-09,246.0,925.0,679.0
6941770801180,2025-10,173.0,684.8,511.8
6941770801180,2025-11,84.0,415.6,331.6
6941770801180,2025-12,77.0,176.1,99.1
6941770801180,2026-01,21.0,65.8,44.8
6941770801180,2026-02,11.0,22.7,11.7
6941770801197,2025-03,135.0,252.7,117.7
6941770801197,2025-04,237.0,508.2,271.2
6941770801197,2025-05,310.0,925.1,615.1
6941770801197,2025-06,423.0,1192.3,769.3
6941770801197,2025-07,341.0,1057.3,716.3
6941770801197,2025-08,259.0,759.6,500.6
6941770801197,2025-09,204.0,543.2,339.2
6941770801197,2025-10,128.0,364.1,236.1
6941770801197,2025-11,60.0,250.3,190.3
6941770801197,2025-12,47.0,165.1,118.1
6941770801197,2026-01,33.0,124.4,91.4
6941770801197,2026-02,4.0,112.0,108.0
6941770801203,2025-03,354.0,618.9,264.9
6941770801203,2025-04,166.0,373.0,207.0
6941770801203,2025-05,122.0,227.9,105.9
6941770801203,2025-06,114.0,242.0,128.0
6941770801203,2025-07,76.0,248.8,172.8
6941770801203,2025-08,90.0,167.1,77.1
6941770801203,2025-09,365.0,540.3,175.3
6941770801203,2025-10,567.0,1350.8,783.8
6941770801203,2025-11,843.0,1764.4,921.4
6941770801203,2025-12,1203.0,1669.0,466.0
6941770801203,2026-01,743.0,844.4,101.4
6941770801203,2026-02,319.0,432.8,113.8
6941770801210,2025-03,753.0,715.9,37.1
6941770801210,2025-04,808.0,818.1,10.1
6941770801210,2025-05,548.0,744.4,196.4
6941770801210,2025-06,505.0,686.0,181.0
6941770801210,2025-07,441.0,577.9,136.9
6941770801210,2025-08,388.0,569.1,181.1
6941770801210,2025-09,705.0,1072.8,367.8
6941770801210,2025-10,952.0,1553.9,601.9
6941770801210,2025-11,868.0,1447.0,579.0
6941770801210,2025-12,787.0,941.4,154.4
6941770801210,2026-01,438.0,464.8,26.8
6941770801210,2026-02,246.0,456.5,210.5
6941770801227,2025-03,921.0,647.5,273.5
6941770801227,2025-04,1168.0,815.6,352.4
6941770801227,2025-05,1036.0,841.4,194.6
6941770801227,2025-06,940.0,767.6,172.4
6941770801227,2025-07,777.0,785.8,8.8
6941770801227,2025-08,700.0,882.6,182.6
6941770801227,2025-09,837.0,1021.4,184.4
6941770801227,2025-10,642.0,1106.9,464.9
6941770801227,2025-11,391.0,1102.7,711.7
6941770801227,2025-12,444.0,996.7,552.7
6941770801227,2026-01,272.0,894.4,622.4
6941770801227,2026-02,165.0,863.2,698.2
6941770801234,2025-03,441.0,365.7,75.3
6941770801234,2025-04,766.0,542.8,223.2
6941770801234,2025-05,676.0,666.4,9.6
6941770801234,2025-06,629.0,652.1,23.1
6941770801234,2025-07,551.0,627.4,76.4
6941770801234,2025-08,478.0,583.6,105.6
6941770801234,2025-09,476.0,607.5,131.5
6941770801234,2025-10,341.0,612.3,271.3
6941770801234,2025-11,267.0,554.7,287.7
6941770801234,2025-12,128.0,436.0,308.0
6941770801234,2026-01,120.0,348.9,228.9
6941770801234,2026-02,54.0,272.4,218.4
6941770801241,2025-03,1042.0,702.7,339.3
6941770801241,2025-04,2066.0,1026.5,1039.5
6941770801241,2025-05,1796.0,1631.2,164.8
6941770801241,2025-06,1757.0,2279.7,522.7
6941770801241,2025-07,1585.0,2664.2,1079.2
6941770801241,2025-08,1252.0,2461.7,1209.7
6941770801241,2025-09,1196.0,2038.0,842.0
6941770801241,2025-10,717.0,1542.3,825.3
6941770801241,2025-11,342.0,1104.1,762.1
6941770801241,2025-12,236.0,707.2,471.2
6941770801241,2026-01,121.0,438.1,317.1
6941770801241,2026-02,143.0,367.9,224.9
6941770801258,2025-03,212.0,249.3,37.3
6941770801258,2025-04,413.0,440.7,27.7
6941770801258,2025-05,558.0,726.1,168.1
6941770801258,2025-06,504.0,845.5,341.5
6941770801258,2025-07,362.0,762.7,400.7
6941770801258,2025-08,304.0,604.7,300.7
6941770801258,2025-09,255.0,526.0,271.0
6941770801258,2025-10,136.0,433.7,297.7
6941770801258,2025-11,99.0,249.0,150.0
6941770801258,2025-12,57.0,126.0,69.0
6941770801258,2026-01,27.0,97.2,70.2
6941770801258,2026-02,16.0,83.9,67.9
6941770801265,2025-03,590.0,398.4,191.6
6941770801265,2025-04,1287.0,730.5,556.5
6941770801265,2025-05,1608.0,1349.2,258.8
6941770801265,2025-06,1450.0,1883.8,433.8
6941770801265,2025-07,1151.0,2033.8,882.8
6941770801265,2025-08,839.0,1851.0,1012.0
6941770801265,2025-09,705.0,1573.6,868.6
6941770801265,2025-10,424.0,1162.9,738.9
6941770801265,2025-11,187.0,656.4,469.4
6941770801265,2025-12,125.0,268.4,143.4
6941770801265,2026-01,73.0,121.8,48.8
6941770801265,2026-02,76.0,128.6,52.6
6941770801272,2025-03,432.0,519.3,87.3
6941770801272,2025-04,1199.0,950.5,248.5
6941770801272,2025-05,1650.0,1593.9,56.1
6941770801272,2025-06,1565.0,2290.4,725.4
6941770801272,2025-07,1299.0,2600.9,1301.9
6941770801272,2025-08,889.0,2325.7,1436.7
6941770801272,2025-09,647.0,1811.1,1164.1
6941770801272,2025-10,356.0,1250.8,894.8
6941770801272,2025-11,132.0,690.2,558.2
6941770801272,2025-12,105.0,241.1,136.1
6941770801272,2026-01,56.0,36.6,19.4
6941770801272,2026-02,43.0,12.4,30.6
6941770801289,2025-03,442.0,516.2,74.2
6941770801289,2025-04,805.0,1062.0,257.0
6941770801289,2025-05,1262.0,2007.3,745.3
6941770801289,2025-06,1352.0,2682.6,1330.6
6941770801289,2025-07,1083.0,2586.5,1503.5
6941770801289,2025-08,774.0,2155.2,1381.2
6941770801289,2025-09,638.0,1804.8,1166.8
6941770801289,2025-10,386.0,1410.9,1024.9
6941770801289,2025-11,162.0,774.5,612.5
6941770801289,2025-12,110.0,321.5,211.5
6941770801289,2026-01,94.0,262.8,168.8
6941770801289,2026-02,37.0,274.0,237.0
6941770801296,2025-03,65.0,74.5,9.5
6941770801296,2025-04,40.0,0.0,40.0
6941770801296,2025-05,12.0,0.0,12.0
6941770801296,2025-06,17.0,0.0,17.0
6941770801296,2025-07,11.0,17.3,6.3
6941770801296,2025-08,6.0,0.0,6.0
6941770801296,2025-09,83.0,71.1,11.9
6941770801296,2025-10,118.0,390.7,272.7
6941770801296,2025-11,235.0,618.8,383.8
6941770801296,2025-12,336.0,678.3,342.3
6941770801296,2026-01,241.0,444.9,203.9
6941770801296,2026-02,67.0,175.9,108.9
6941770801302,2025-03,149.0,208.8,59.8
6941770801302,2025-04,151.0,194.1,43.1
6941770801302,2025-05,103.0,178.2,75.2
6941770801302,2025-06,93.0,163.9,70.9
6941770801302,2025-07,82.0,166.1,84.1
6941770801302,2025-08,70.0,168.4,98.4
6941770801302,2025-09,121.0,206.8,85.8
6941770801302,2025-10,274.0,288.1,14.1
6941770801302,2025-11,251.0,338.8,87.8
6941770801302,2025-12,230.0,321.6,91.6
6941770801302,2026-01,147.0,256.1,109.1
6941770801302,2026-02,75.0,210.8,135.8
6941770801319,2025-03,269.0,232.5,36.5
6941770801319,2025-04,333.0,251.3,81.7
6941770801319,2025-05,249.0,246.2,2.8
6941770801319,2025-06,237.0,242.1,5.1
6941770801319,2025-07,139.0,240.7,101.7
6941770801319,2025-08,195.0,247.8,52.8
6941770801319,2025-09,135.0,260.1,125.1
6941770801319,2025-10,39.0,269.8,230.8
6941770801319,2025-11,101.0,264.9,163.9
6941770801319,2025-12,130.0,259.7,129.7
6941770801319,2026-01,89.0,247.5,158.5
6941770801319,2026-02,43.0,257.1,214.1
6941770801326,2025-03,166.0,327.6,161.6
6941770801326,2025-04,245.0,459.0,214.0
6941770801326,2025-05,206.0,417.3,211.3
6941770801326,2025-06,190.0,260.5,70.5
6941770801326,2025-07,168.0,184.8,16.8
6941770801326,2025-08,177.0,147.1,29.9
6941770801326,2025-09,134.0,147.7,13.7
6941770801326,2025-10,158.0,131.9,26.1
6941770801326,2025-11,71.0,112.8,41.8
6941770801326,2025-12,36.0,100.9,64.9
6941770801326,2026-01,53.0,101.3,48.3
6941770801326,2026-02,20.0,113.0,93.0
6941770801333,2025-03,532.0,287.5,244.5
6941770801333,2025-04,827.0,414.8,412.2
6941770801333,2025-05,681.0,632.3,48.7
6941770801333,2025-06,573.0,825.2,252.2
6941770801333,2025-07,506.0,909.2,403.2
6941770801333,2025-08,561.0,833.4,272.4
6941770801333,2025-09,492.0,705.0,213.0
6941770801333,2025-10,261.0,565.8,304.8
6941770801333,2025-11,108.0,435.5,327.5
6941770801333,2025-12,84.0,309.8,225.8
6941770801333,2026-01,73.0,209.1,136.1
6941770801333,2026-02,38.0,174.6,136.6
6941770801340,2025-03,123.0,154.3,31.3
6941770801340,2025-04,231.0,258.7,27.7
6941770801340,2025-05,261.0,379.7,118.7
6941770801340,2025-06,181.0,378.9,197.9
6941770801340,2025-07,169.0,312.6,143.6
6941770801340,2025-08,162.0,233.7,71.7
6941770801340,2025-09,113.0,212.2,99.2
6941770801340,2025-10,66.0,168.6,102.6
6941770801340,2025-11,40.0,95.3,55.3
6941770801340,2025-12,18.0,47.6,29.6
6941770801340,2026-01,19.0,48.5,29.5
6941770801340,2026-02,15.0,45.8,30.8
6941770801357,2025-03,308.0,188.5,119.5
6941770801357,2025-04,724.0,301.5,422.5
6941770801357,2025-05,775.0,598.3,176.7
6941770801357,2025-06,663.0,894.5,231.5
6941770801357,2025-07,496.0,1025.1,529.1
6941770801357,2025-08,416.0,867.3,451.3
6941770801357,2025-09,332.0,672.7,340.7
6941770801357,2025-10,157.0,480.9,323.9
6941770801357,2025-11,57.0,302.6,245.6
6941770801357,2025-12,47.0,154.1,107.1
6941770801357,2026-01,54.0,90.9,36.9
6941770801357,2026-02,20.0,85.9,65.9
6941770801364,2025-03,182.0,177.4,4.6
6941770801364,2025-04,489.0,302.8,186.2
6941770801364,2025-05,647.0,556.7,90.3
6941770801364,2025-06,666.0,855.8,189.8
6941770801364,2025-07,464.0,1019.7,555.7
6941770801364,2025-08,348.0,904.2,556.2
6941770801364,2025-09,273.0,728.4,455.4
6941770801364,2025-10,165.0,545.2,380.2
6941770801364,2025-11,64.0,347.6,283.6
6941770801364,2025-12,51.0,172.9,121.9
6941770801364,2026-01,38.0,85.8,47.8
6941770801364,2026-02,14.0,65.0,51.0
6941770801371,2025-03,183.0,369.0,186.0
6941770801371,2025-04,429.0,705.6,276.6
6941770801371,2025-05,667.0,1067.1,400.1
6941770801371,2025-06,630.0,1220.1,590.1
6941770801371,2025-07,499.0,1095.6,596.6
6941770801371,2025-08,405.0,855.1,450.1
6941770801371,2025-09,226.0,686.7,460.7
6941770801371,2025-10,131.0,542.1,411.1
6941770801371,2025-11,63.0,334.1,271.1
6941770801371,2025-12,57.0,187.6,130.6
6941770801371,2026-01,44.0,147.5,103.5
6941770801371,2026-02,20.0,127.7,107.7
6941770801388,2025-03,58.0,99.0,41.0
6941770801388,2025-04,21.0,61.3,40.3
6941770801388,2025-05,7.0,46.6,39.6
6941770801388,2025-06,22.0,35.6,13.6
6941770801388,2025-07,7.0,35.8,28.8
6941770801388,2025-08,8.0,19.8,11.8
6941770801388,2025-09,24.0,77.7,53.7
6941770801388,2025-10,100.0,272.1,172.1
6941770801388,2025-11,197.0,477.5,280.5
6941770801388,2025-12,239.0,487.1,248.1
6941770801388,2026-01,209.0,242.6,33.6
6941770801388,2026-02,98.0,84.3,13.7
6941770801395,2025-03,155.0,148.3,6.7
6941770801395,2025-04,89.0,121.2,32.2
6941770801395,2025-05,57.0,119.0,62.0
6941770801395,2025-06,87.0,125.2,38.2
6941770801395,2025-07,43.0,130.1,87.1
6941770801395,2025-08,61.0,115.6,54.6
6941770801395,2025-09,85.0,189.4,104.4
6941770801395,2025-10,152.0,308.3,156.3
6941770801395,2025-11,275.0,398.4,123.4
6941770801395,2025-12,299.0,404.5,105.5
6941770801395,2026-01,241.0,277.1,36.1
6941770801395,2026-02,103.0,185.9,82.9
6941770801401,2025-03,193.0,221.4,28.4
6941770801401,2025-04,222.0,243.4,21.4
6941770801401,2025-05,135.0,257.0,122.0
6941770801401,2025-06,112.0,259.0,147.0
6941770801401,2025-07,134.0,259.2,125.2
6941770801401,2025-08,166.0,258.9,92.9
6941770801401,2025-09,155.0,269.2,114.2
6941770801401,2025-10,172.0,276.2,104.2
6941770801401,2025-11,181.0,274.4,93.4
6941770801401,2025-12,195.0,268.2,73.2
6941770801401,2026-01,121.0,262.6,141.6
6941770801401,2026-02,72.0,262.7,190.7
